,Unnamed: 0,full_name,gender,type,state,district,senate_class,party,url,twitter,facebook,youtube,youtube_id,bioguide_id,handle,post_id,text,post_text,shared_text,time,image,video,video_thumbnail,video_id,likes,comments,shares,post_url,link,user_id,username,is_live,images
21,22,Steve Cohen,M,rep,TN,9,,Democrat,https://cohen.house.gov,RepCohen,CongressmanSteveCohen,repcohen,UC_NJlnsOBjOameUwZk0rvsA,C001068,CongressmanSteveCohen,4335670133124062,"It‚Äôs fortunate that routine inspection averted a potential disaster, but our crumbling infrastructure is deeply troubling and the closure of a major thruway will harm us in Memphis and around the country. I look forward to bipartisan work to ensure improvements for the I-40 bridge are included in the American Jobs Plan and to rebuild our infrastructure.","It‚Äôs fortunate that routine inspection averted a potential disaster, but our crumbling infrastructure is deeply troubling and the closure of a major thruway will harm us in Memphis and around the country. I look forward to bipartisan work to ensure improvements for the I-40 bridge are included in the American Jobs Plan and to rebuild our infrastructure.",,2021-05-11 20:14:40,,,,,365,17,0,https://facebook.com/CongressmanSteveCohen/posts/4335670133124062,,111456965545421,Congressman Steve Cohen,False,[]
7,7,Mo Brooks,M,rep,AL,5,,Republican,https://brooks.house.gov,RepMoBrooks,RepMoBrooks,RepMoBrooks,UCgsPSY0MpuQJq8vEqYUSt-g,B001274,RepMoBrooks,3908208639227764,"In America, we believe in working for a living. No able-bodied working age person should be living off the hard work of others. Predictably, paying people more not to work than to work has created an unnecessary worker shortage. Joe Biden‚Äôs claim that the abysmal April unemployment report isn‚Äôt tied to paying people more not to work than to work is an affront to common sense. Employers and small business owners across America are closing or operating at reduced hours because they cannot afford to compete against the federal government‚Äôs increased unemployment payments. As I travel the state, I‚Äôve seen examples on nearly every street corner of employers offering good jobs that they are unable to fill. I‚Äôm glad economically responsible states are wising up and ending the asinine policy of paying the takers more taxpayer money to stay home rather than work for a living.","In America, we believe in working for a living. No able-bodied working age person should be living off the hard work of others. Predictably, paying people more not to work than to work has created an unnecessary worker shortage. Joe Biden‚Äôs claim that the abysmal April unemployment report isn‚Äôt tied to paying people more not to work than to work is an affront to common sense. Employers and small business owners across America are closing or operating at reduced hours because they cannot afford to compete against the federal government‚Äôs increased unemployment payments. As I travel the state, I‚Äôve seen examples on nearly every street corner of employers offering good jobs that they are unable to fill. I‚Äôm glad economically responsible states are wising up and ending the asinine policy of paying the takers more taxpayer money to stay home rather than work for a living.",,2021-05-11 19:20:17,,,,,1166,117,0,https://facebook.com/RepMoBrooks/posts/3908208639227764,,155220881193244,Congressman Mo Brooks,False,[]
17,14,John R. Carter,M,rep,TX,31,,Republican,https://carter.house.gov,JudgeCarter,judgecarter,repjohncarter,UC9pkaOrhPfouzkJ8oAdI-1w,C001051,judgecarter,3987859211327757,"Between an extremely underwhelming jobs report and absurd government spending proposals, it is clear that the Biden Administration is not paying attention to the needs of the American people. Economic recovery is far from over and Biden's solution? Increase taxes, inflation, and government spending.

NATIONALREVIEW.COM
In 100 Days, Biden Has Proposed $6 Trillion in New Spending | National Review","Between an extremely underwhelming jobs report and absurd government spending proposals, it is clear that the Biden Administration is not paying attention to the needs of the American people. Economic recovery is far from over and Biden's solution? Increase taxes, inflation, and government spending.","NATIONALREVIEW.COM
In 100 Days, Biden Has Proposed $6 Trillion in New Spending | National Review",2021-05-11 19:00:11,,,,,20,43,21,https://facebook.com/judgecarter/posts/3987859211327757,https://www.nationalreview.com/2021/04/in-100-days-biden-has-proposed-6-trillion-in-new-spending/,407767916003589,U.S. Representative John Carter,False,[]
15,13,Andr√© Carson,M,rep,IN,7,,Democrat,https://carson.house.gov,RepAndreCarson,CongressmanAndreCarson,repandrecarson,UCprUnnEgM2VUGmAKSaZXCSw,C001072,CongressmanAndreCarson,4256784831007261,"Today, I was honored to join Congresswoman Rashida Tlaib and a diverse crowd of people at the State Department to demand justice for Palestinians. Americans of all backgrounds have a moral obligation to protect human rights wherever they are threatened ‚Äî in #SheikhJarrah, and around the world!","Today, I was honored to join Congresswoman Rashida Tlaib and a diverse crowd of people at the State Department to demand justice for Palestinians. Americans of all backgrounds have a moral obligation to protect human rights wherever they are threatened ‚Äî in #SheikhJarrah, and around the world!",,2021-05-11 17:56:06,https://scontent-iad3-2.xx.fbcdn.net/v/t1.6435-9/fr/cp0/e15/q65/185352697_4256784107674000_8013950015674594903_n.jpg?_nc_cat=105&ccb=1-3&_nc_sid=110474&_nc_ohc=xTYRAOdsfrQAX_NPEZi&_nc_ht=scontent-iad3-2.xx&tp=14&oh=44f449df233e10f3306c65eaacbb209f&oe=60BF6FB5,,,,386,40,0,https://facebook.com/CongressmanAndreCarson/posts/4256784831007261,,123884330964019,Congressman Andr√© Carson,False,['https://scontent-iad3-2.xx.fbcdn.net/v/t1.6435-9/fr/cp0/e15/q65/185352697_4256784107674000_8013950015674594903_n.jpg?_nc_cat=105&ccb=1-3&_nc_sid=110474&_nc_ohc=xTYRAOdsfrQAX_NPEZi&_nc_ht=scontent-iad3-2.xx&tp=14&oh=44f449df233e10f3306c65eaacbb209f&oe=60BF6FB5']
24,23,Tom Cole,M,rep,OK,4,,Republican,https://cole.house.gov,TomColeOK04,TomColeOK04,reptomcole,UCvqzPm_YnNkfEHpm3SEMJMQ,C001053,TomColeOK04,3819461648103210,"During National Charter Schools Week, we recognize charter schools as a worthwhile alternative to the traditional public education system, ensuring that all students achieve academic success.","During National Charter Schools Week, we recognize charter schools as a worthwhile alternative to the traditional public education system, ensuring that all students achieve academic success.",,2021-05-11 17:45:46,,,,,29,18,0,https://facebook.com/TomColeOK04/posts/3819461648103210,,146497782066300,Congressman Tom Cole,False,[]
19,15,Kathy Castor,F,rep,FL,14,,Democrat,https://castor.house.gov,USRepKCastor,USRepKathyCastor,RepKathyCastor,UC_irxhmLqVenTFPxDxznG6g,C001066,USRepKathyCastor,4106897342682179,"üó£Ô∏èGood news: the U.S. Food and Drug Administration has authorized the use of the Pfizer vaccine for children aged 12 years or older! This will help #TampaBay & communities across America #CrushCovid.

Find out more information üëá
https://www.npr.org/sections/health-shots/2021/05/10/994653371/faq-what-you-need-to-know-about-pfizers-covid-vaccine-and-adolescents

NPR.ORG
FAQ: What You Need To Know About Pfizer's COVID Vaccine And Adolescents","üó£Ô∏èGood news: the U.S. Food and Drug Administration has authorized the use of the Pfizer vaccine for children aged 12 years or older! This will help #TampaBay & communities across America #CrushCovid.

Find out more information üëá
https://www.npr.org/sections/health-shots/2021/05/10/994653371/faq-what-you-need-to-know-about-pfizers-covid-vaccine-and-adolescents","NPR.ORG
FAQ: What You Need To Know About Pfizer's COVID Vaccine And Adolescents",2021-05-11 17:21:24,,,,,11,4,0,https://facebook.com/USRepKathyCastor/posts/4106897342682179,https://www.npr.org/sections/health-shots/2021/05/10/994653371/faq-what-you-need-to-know-about-pfizers-covid-vaccine-and-adolescents,181810465190906,U.S. Rep. Kathy Castor,False,[]
16,13,Andr√© Carson,M,rep,IN,7,,Democrat,https://carson.house.gov,RepAndreCarson,CongressmanAndreCarson,repandrecarson,UCprUnnEgM2VUGmAKSaZXCSw,C001072,CongressmanAndreCarson,4256684947683916,Attention: It‚Äôs not too late to participate in this year‚Äôs Congressional Art Competition! The deadline to submit your artwork has been extended to June 11th. More details: https://carson.house.gov/help-from-andre/art-competition,Attention: It‚Äôs not too late to participate in this year‚Äôs Congressional Art Competition! The deadline to submit your artwork has been extended to June 11th. More details: https://carson.house.gov/help-from-andre/art-competition,,2021-05-11 17:04:46,https://scontent-iad3-2.xx.fbcdn.net/v/t1.6435-9/185063184_4256683004350777_1162871633029301563_n.png?_nc_cat=111&ccb=1-3&_nc_sid=8024bb&_nc_ohc=UqMmxNlZ3UMAX_Ydh2i&_nc_ht=scontent-iad3-2.xx&oh=6bb8767fe2c61f92137a6dc6a81c5731&oe=60C05BBD,,,,22,3,0,https://facebook.com/CongressmanAndreCarson/posts/4256684947683916,https://carson.house.gov/help-from-andre/art-competition,123884330964019,Congressman Andr√© Carson,False,['https://scontent-iad3-2.xx.fbcdn.net/v/t1.6435-9/185063184_4256683004350777_1162871633029301563_n.png?_nc_cat=111&ccb=1-3&_nc_sid=8024bb&_nc_ohc=UqMmxNlZ3UMAX_Ydh2i&_nc_ht=scontent-iad3-2.xx&oh=6bb8767fe2c61f92137a6dc6a81c5731&oe=60C05BBD']
8,7,Mo Brooks,M,rep,AL,5,,Republican,https://brooks.house.gov,RepMoBrooks,RepMoBrooks,RepMoBrooks,UCgsPSY0MpuQJq8vEqYUSt-g,B001274,RepMoBrooks,3907814559267172,"Big Tech is suppressing Free Speech to benefit Socialist Democrats. They silenced President Trump, pro-life groups, and numerous conservatives. Like I told Todd Starnes show, there are plenty of things we can do to fight back if we just have more leaders willing to take on the fight.","Big Tech is suppressing Free Speech to benefit Socialist Democrats. They silenced President Trump, pro-life groups, and numerous conservatives. Like I told Todd Starnes show, there are plenty of things we can do to fight back if we just have more leaders willing to take on the fight.",,2021-05-11 16:12:06,,https://video-iad3-2.xx.fbcdn.net/v/t42.1790-2/184258821_4102738369820515_7509960553665307323_n.mp4?_nc_cat=100&ccb=1-3&_nc_sid=985c63&efg=eyJ2ZW5jb2RlX3RhZyI6InN2ZV9zZCJ9&_nc_ohc=ZWlkY-CjfKIAX9WICKg&_nc_rml=0&_nc_ht=video-iad3-2.xx&oh=27fffbda572d018320d0d15d1c68a70d&oe=609BD1DF,https://scontent-iad3-2.xx.fbcdn.net/v/t15.5256-10/cp0/e15/q65/p320x320/180127911_468617434206881_3697686249703450216_n.jpg?_nc_cat=106&ccb=1-3&_nc_sid=ccf8b3&_nc_ohc=nadt7HummZoAX8CnEcL&_nc_ht=scontent-iad3-2.xx&tp=3&oh=6f9da89b4b438b5e6843f338f5b42891&oe=60BFFEF7,468616757540282,117,35,0,https://facebook.com/RepMoBrooks/videos/468616757540282,,155220881193244,Congressman Mo Brooks,False,[]
20,17,Judy Chu,F,rep,CA,27,,Democrat,https://chu.house.gov,RepJudyChu,RepJudyChu,RepJudyChu,UCfcbYOvdEXZNelM8T05nK-w,C001080,RepJudyChu,10165824688785131,"We can't #StopAsianHate unless we act when we see it. What happened outside Atlanta - the deliberate targeting of three Asian-owned spas - was unquestionably a hate crime. That is why I called for this to be investigated as such, and I applaud Georgia law enforcement for taking this seriously

WASHINGTONPOST.COM
Prosecutor to seek hate-crime charges against White man accused in Atlanta-area spa killings","We can't #StopAsianHate unless we act when we see it. What happened outside Atlanta - the deliberate targeting of three Asian-owned spas - was unquestionably a hate crime. That is why I called for this to be investigated as such, and I applaud Georgia law enforcement for taking this seriously","WASHINGTONPOST.COM
Prosecutor to seek hate-crime charges against White man accused in Atlanta-area spa killings",2021-05-11 16:02:28,,,,,40,3,0,https://facebook.com/RepJudyChu/posts/10165824688785131,https://www.washingtonpost.com/nation/2021/05/11/atlanta-shooter-hate-crime/,41228315130,Judy Chu,False,[]
1,3,Gus M. Bilirakis,M,rep,FL,12,,Republican,https://bilirakis.house.gov,RepGusBilirakis,GusBilirakis,RepGusBilirakis,UC2z1uu1n4-60xXs5x1mvLJw,B001257,GusBilirakis,4544722402224545,"A 2016 study found that 11% of all emergency department patients exhibited suicidal ideation. However, only 3% of those patients were diagnosed by current screening tools. We can and must do better. A bill I authored to achieve this goal passed the House today. I urge my Senate colleagues to expedite its passage. #mentalhealthawarenessmonth","A 2016 study found that 11% of all emergency department patients exhibited suicidal ideation. However, only 3% of those patients were diagnosed by current screening tools. We can and must do better. A bill I authored to achieve this goal passed the House today. I urge my Senate colleagues to expedite its passage. #mentalhealthawarenessmonth",,2021-05-11 16:00:49,https://scontent-iad3-2.xx.fbcdn.net/v/t1.6435-9/fr/cp0/e15/q65/184612951_4544721888891263_5405517121463973996_n.jpg?_nc_cat=108&ccb=1-3&_nc_sid=8024bb&_nc_ohc=PYiYTYfxUcYAX8rQgI-&_nc_ht=scontent-iad3-2.xx&tp=14&oh=6978573050b1ce4b1895d69d6234c8a8&oe=60C066CD,,,,6,5,0,https://facebook.com/GusBilirakis/posts/4544722402224545,,135445766485586,Congressman Gus Bilirakis,False,['https://scontent-iad3-2.xx.fbcdn.net/v/t1.6435-9/fr/cp0/e15/q65/184612951_4544721888891263_5405517121463973996_n.jpg?_nc_cat=108&ccb=1-3&_nc_sid=8024bb&_nc_ohc=PYiYTYfxUcYAX8rQgI-&_nc_ht=scontent-iad3-2.xx&tp=14&oh=6978573050b1ce4b1895d69d6234c8a8&oe=60C066CD']
22,22,Steve Cohen,M,rep,TN,9,,Democrat,https://cohen.house.gov,RepCohen,CongressmanSteveCohen,repcohen,UC_NJlnsOBjOameUwZk0rvsA,C001068,CongressmanSteveCohen,4335053986519010,I fixed it.,I fixed it.,,2021-05-11 15:18:12,https://scontent-iad3-2.xx.fbcdn.net/v/t1.6435-9/fr/cp0/e15/q65/185075099_4335053766519032_6865331991798303127_n.jpg?_nc_cat=111&ccb=1-3&_nc_sid=8024bb&_nc_ohc=eb4yZDd-\-\ogAX8X2Wjp&_nc_ht=scontent-iad3-2.xx&tp=14&oh=49287ae075baa36e1203b7abf981ab77&oe=60C2308F,,,,1114,208,0,https://facebook.com/CongressmanSteveCohen/posts/4335053986519010,,111456965545421,Congressman Steve Cohen,False,['https://scontent-iad3-2.xx.fbcdn.net/v/t1.6435-9/fr/cp0/e15/q65/185075099_4335053766519032_6865331991798303127_n.jpg?_nc_cat=111&ccb=1-3&_nc_sid=8024bb&_nc_ohc=eb4yZDd-\\-\\ogAX8X2Wjp&_nc_ht=scontent-iad3-2.xx&tp=14&oh=49287ae075baa36e1203b7abf981ab77&oe=60C2308F']
5,6,Kevin Brady,M,rep,TX,8,,Republican,https://kevinbrady.house.gov,RepKevinBrady,kevinbrady,KBrady8,UC6Ng0uMQEBVgXO_HF0NbfXA,B000755,kevinbrady,10159205991401413,"During National Police Week, we recognize the brave men and women who protect and serve our local communities. We honor those who have sacrificed their lives in the line of duty and thank them for their service.","During National Police Week, we recognize the brave men and women who protect and serve our local communities. We honor those who have sacrificed their lives in the line of duty and thank them for their service.",,2021-05-11 15:09:08,https://scontent-iad3-2.xx.fbcdn.net/v/t1.6435-9/fr/cp0/e15/q65/184285539_10159205991341413_8148467831427798051_n.jpg?_nc_cat=104&ccb=1-3&_nc_sid=8024bb&_nc_ohc=sxd2DoGa5GwAX93VPyj&_nc_ht=scontent-iad3-2.xx&tp=14&oh=de6dd28b1d67910bb79076c8f697d740&oe=60C144F4,,,,54,0,0,https://facebook.com/kevinbrady/posts/10159205991401413,,9307301412,Rep. Kevin Brady,False,['https://scontent-iad3-2.xx.fbcdn.net/v/t1.6435-9/fr/cp0/e15/q65/184285539_10159205991341413_8148467831427798051_n.jpg?_nc_cat=104&ccb=1-3&_nc_sid=8024bb&_nc_ohc=sxd2DoGa5GwAX93VPyj&_nc_ht=scontent-iad3-2.xx&tp=14&oh=de6dd28b1d67910bb79076c8f697d740&oe=60C144F4']
23,22,Steve Cohen,M,rep,TN,9,,Democrat,https://cohen.house.gov,RepCohen,CongressmanSteveCohen,repcohen,UC_NJlnsOBjOameUwZk0rvsA,C001068,CongressmanSteveCohen,4335031059854636,"Rail is the future. The Interstate Rail Compacts Advancement Act will help us seize it, including a passenger line that could stretch from Memphis to Nashville, Atlanta, and Florida.
https://cohen.house.gov/media-center/press-releases/congressman-cohen-introduces-interstate-rail-compacts-advancement-act

COHEN.HOUSE.GOV
Congressman Cohen Introduces the Interstate Rail Compacts Advancement Act","Rail is the future. The Interstate Rail Compacts Advancement Act will help us seize it, including a passenger line that could stretch from Memphis to Nashville, Atlanta, and Florida.
https://cohen.house.gov/media-center/press-releases/congressman-cohen-introduces-interstate-rail-compacts-advancement-act","COHEN.HOUSE.GOV
Congressman Cohen Introduces the Interstate Rail Compacts Advancement Act",2021-05-11 15:07:48,,,,,180,9,10,https://facebook.com/CongressmanSteveCohen/posts/4335031059854636,https://cohen.house.gov/media-center/press-releases/congressman-cohen-introduces-interstate-rail-compacts-advancement-act,111456965545421,Congressman Steve Cohen,False,[]
14,12,Ken Calvert,M,rep,CA,42,,Republican,https://calvert.house.gov,KenCalvert,70063393423,RepKenCalvert,UC5MEj7YOX_QdKoqD_HRxP3A,C000059,70063393423,10158225991258424,"I stand with Israel as it once again finds itself under attack from Palestinian terrorists. The intentional targeting of Israel civilians by terrorists is appalling. A peaceful future for both Israelis and Palestinians requires the rejection of violence. The United States must continue to support our ally, Israel, and demand the actions of the Palestinian terrorists come to an end.","I stand with Israel as it once again finds itself under attack from Palestinian terrorists. The intentional targeting of Israel civilians by terrorists is appalling. A peaceful future for both Israelis and Palestinians requires the rejection of violence. The United States must continue to support our ally, Israel, and demand the actions of the Palestinian terrorists come to an end.",,2021-05-11 14:50:48,https://scontent-iad3-2.xx.fbcdn.net/v/t1.6435-9/184361816_10158225990528424_3373064253163090093_n.png?_nc_cat=111&ccb=1-3&_nc_sid=8024bb&_nc_ohc=S-ZSNT4g4RoAX9CKy70&_nc_oc=AQlTvnG1zWcwWKGLh-0ViYfSK9Vx5QmdZbbBQGH_iDAyYu5opvyXS7EJKGR0KRYP79U&_nc_ht=scontent-iad3-2.xx&oh=367b8c0799daae20ffbd9ad966b902f3&oe=60C288BB,,,,161,39,0,https://facebook.com/70063393423/posts/10158225991258424,,70063393423,Congressman Ken Calvert,False,['https://scontent-iad3-2.xx.fbcdn.net/v/t1.6435-9/184361816_10158225990528424_3373064253163090093_n.png?_nc_cat=111&ccb=1-3&_nc_sid=8024bb&_nc_ohc=S-ZSNT4g4RoAX9CKy70&_nc_oc=AQlTvnG1zWcwWKGLh-0ViYfSK9Vx5QmdZbbBQGH_iDAyYu5opvyXS7EJKGR0KRYP79U&_nc_ht=scontent-iad3-2.xx&oh=367b8c0799daae20ffbd9ad966b902f3&oe=60C288BB']
2,3,Gus M. Bilirakis,M,rep,FL,12,,Republican,https://bilirakis.house.gov,RepGusBilirakis,GusBilirakis,RepGusBilirakis,UC2z1uu1n4-60xXs5x1mvLJw,B001257,GusBilirakis,4544641855565933,"Since 2001, the suicide rate in the U.S. has risen by a shocking 31%, making suicide the 10th leading cause of death in the nation, with an estimated 47,000 lives lost each year. My Effective Suicide Screening & Assessment in the Emergency Department Act will pass the House later today. It will help address this growing problem. #MentalHealthAwarenessMonth","Since 2001, the suicide rate in the U.S. has risen by a shocking 31%, making suicide the 10th leading cause of death in the nation, with an estimated 47,000 lives lost each year. My Effective Suicide Screening & Assessment in the Emergency Department Act will pass the House later today. It will help address this growing problem. #MentalHealthAwarenessMonth",,2021-05-11 14:06:07,https://scontent-iad3-2.xx.fbcdn.net/v/t1.6435-9/fr/cp0/e15/q65/185000030_4544641205565998_2282141173837980304_n.jpg?_nc_cat=109&ccb=1-3&_nc_sid=8024bb&_nc_ohc=26HvL9dyzvAAX_YVRkJ&_nc_oc=AQm4zlrLp6ci9H48XpsSdU7exa8yPM6tezHuWaHfyx2sUvAnk8haSDC0_JFcbZPdcYQ&_nc_ht=scontent-iad3-2.xx&tp=14&oh=fbdd1dfac17fd87d5ec510672cba6a85&oe=60C33995,,,,20,8,0,https://facebook.com/GusBilirakis/posts/4544641855565933,,135445766485586,Congressman Gus Bilirakis,False,['https://scontent-iad3-2.xx.fbcdn.net/v/t1.6435-9/fr/cp0/e15/q65/185000030_4544641205565998_2282141173837980304_n.jpg?_nc_cat=109&ccb=1-3&_nc_sid=8024bb&_nc_ohc=26HvL9dyzvAAX_YVRkJ&_nc_oc=AQm4zlrLp6ci9H48XpsSdU7exa8yPM6tezHuWaHfyx2sUvAnk8haSDC0_JFcbZPdcYQ&_nc_ht=scontent-iad3-2.xx&tp=14&oh=fbdd1dfac17fd87d5ec510672cba6a85&oe=60C33995']
18,14,John R. Carter,M,rep,TX,31,,Republican,https://carter.house.gov,JudgeCarter,judgecarter,repjohncarter,UC9pkaOrhPfouzkJ8oAdI-1w,C001051,judgecarter,3987482451365433,"ICYMI: This past weekend I held the 2021 Congressional Art Competition Awards to honor this year‚Äôs winners. Everyone who submitted art should be so proud, each piece was very impressive!

KCENTV.COM
Local students win awards in annual congressional art competition","ICYMI: This past weekend I held the 2021 Congressional Art Competition Awards to honor this year‚Äôs winners. Everyone who submitted art should be so proud, each piece was very impressive!","KCENTV.COM
Local students win awards in annual congressional art competition",2021-05-11 13:30:48,,,,,8,0,0,https://facebook.com/judgecarter/posts/3987482451365433,https://www.kcentv.com/article/news/local/central-texas-students-win-awards-annual-congressional-art-competition/500-e4a8a8ab-974b-4bcc-b697-5dbff3b52891,407767916003589,U.S. Representative John Carter,False,[]
9,7,Mo Brooks,M,rep,AL,5,,Republican,https://brooks.house.gov,RepMoBrooks,RepMoBrooks,RepMoBrooks,UCgsPSY0MpuQJq8vEqYUSt-g,B001274,RepMoBrooks,3907468522635109,"Good luck to the Rocket City Trash Pandas who play their first ever home game TONIGHT! After last year‚Äôs season was derailed by COVID-19 lockdowns, I can't wait to cheer on the team in their inaugural season. Tonight‚Äôs game has been a long time coming. Let's go Trash Pandas!","Good luck to the Rocket City Trash Pandas who play their first ever home game TONIGHT! After last year‚Äôs season was derailed by COVID-19 lockdowns, I can't wait to cheer on the team in their inaugural season. Tonight‚Äôs game has been a long time coming. Let's go Trash Pandas!",,2021-05-11 13:27:19,https://scontent-iad3-2.xx.fbcdn.net/v/t1.6435-9/184979821_3907465752635386_8086259048734271955_n.png?_nc_cat=107&ccb=1-3&_nc_sid=8024bb&_nc_ohc=73Ovhq2lv5gAX8qVPw-&_nc_ht=scontent-iad3-2.xx&oh=ba3a28499fc85fce914a3787595d5f0b&oe=60C0832C,,,,102,7,0,https://facebook.com/RepMoBrooks/posts/3907468522635109,,155220881193244,Congressman Mo Brooks,False,['https://scontent-iad3-2.xx.fbcdn.net/v/t1.6435-9/184979821_3907465752635386_8086259048734271955_n.png?_nc_cat=107&ccb=1-3&_nc_sid=8024bb&_nc_ohc=73Ovhq2lv5gAX8qVPw-&_nc_ht=scontent-iad3-2.xx&oh=ba3a28499fc85fce914a3787595d5f0b&oe=60C0832C']
25,236,Alexander Mooney,M,rep,WV,2,,Republican,https://mooney.house.gov,RepAlexMooney,CongressmanAlexMooney,,UCw9CGkF4Re3areluI43TGyA,M001195,CongressmanAlexMooney,3841639605955104,"Today justice was served as Reta Mays was rightfully sentenced to seven life sentences plus twenty years for the heinous murders she committed. Those who served our nation in the military deserve not only our utmost respect, but also our continued care. I appreciate the fact the judge showed no leniency, given the terrible nature of these crimes. My prayers and deepest condolences are with the families and loved ones of the victims.","Today justice was served as Reta Mays was rightfully sentenced to seven life sentences plus twenty years for the heinous murders she committed. Those who served our nation in the military deserve not only our utmost respect, but also our continued care. I appreciate the fact the judge showed no leniency, given the terrible nature of these crimes. My prayers and deepest condolences are with the families and loved ones of the victims.",,2021-05-11 12:42:19,,,,,89,14,0,https://facebook.com/CongressmanAlexMooney/posts/3841639605955104,,671413332977763,Congressman Alex Mooney,False,[]
13,9,Larry Bucshon,M,rep,IN,8,,Republican,https://bucshon.house.gov,RepLarryBucshon,RepLarryBucshon,RepLarryBucshon,UC0bIliQs0LKZabNwvZ3gnhQ,B001275,RepLarryBucshon,4074559782604008,"The attack on the Colonial Pipeline highlighted a known weakness in US energy infrastructure: cybersecurity. It's clear we must strengthen our existing infrastructure through reinvestment, not through the far-left liberal wish list in the Green New Deal.

UTILITYDIVE.COM
Colonial Pipeline attack embodies security risk to nation's critical infrastructure","The attack on the Colonial Pipeline highlighted a known weakness in US energy infrastructure: cybersecurity. It's clear we must strengthen our existing infrastructure through reinvestment, not through the far-left liberal wish list in the Green New Deal.","UTILITYDIVE.COM
Colonial Pipeline attack embodies security risk to nation's critical infrastructure",2021-05-11 12:20:46,,,,,77,40,9,https://facebook.com/RepLarryBucshon/posts/4074559782604008,https://www.utilitydive.com/news/colonial-pipeline-ransomware-attack/599889/,135670516492974,Rep. Larry Bucshon,False,[]
0,1,Robert B. Aderholt,M,rep,AL,4,,Republican,https://aderholt.house.gov,Robert_Aderholt,RobertAderholt,RobertAderholt,UC71CAgpg1gbLTew_pfTneGA,A000055,RobertAderholt,10158424399589403,"Finding a forever home for foster children will always be important work, and during National Foster Care Awareness Month it‚Äôs crucial we stand by those who undertake this loving service. Especially faith based groups that go to great lengths to find homes for vulnerable kids.","Finding a forever home for foster children will always be important work, and during National Foster Care Awareness Month it‚Äôs crucial we stand by those who undertake this loving service. Especially faith based groups that go to great lengths to find homes for vulnerable kids.",,2021-05-11 12:13:55,https://scontent-iad3-2.xx.fbcdn.net/v/t1.6435-9/185443152_10158424399379403_7008021318517345546_n.png?_nc_cat=108&ccb=1-3&_nc_sid=8024bb&_nc_ohc=SblXnzoJqVoAX98QGSV&_nc_ht=scontent-iad3-2.xx&oh=8de95bb7a02842c8cc23b51f7530619f&oe=60BFD0DC,,,,49,1,0,https://facebook.com/RobertAderholt/posts/10158424399589403,,19787529402,Robert Aderholt,False,['https://scontent-iad3-2.xx.fbcdn.net/v/t1.6435-9/185443152_10158424399379403_7008021318517345546_n.png?_nc_cat=108&ccb=1-3&_nc_sid=8024bb&_nc_ohc=SblXnzoJqVoAX98QGSV&_nc_ht=scontent-iad3-2.xx&oh=8de95bb7a02842c8cc23b51f7530619f&oe=60BFD0DC']
10,7,Mo Brooks,M,rep,AL,5,,Republican,https://brooks.house.gov,RepMoBrooks,RepMoBrooks,RepMoBrooks,UCgsPSY0MpuQJq8vEqYUSt-g,B001274,RepMoBrooks,3906974089351219,"I will NEVER vote to give Washington, D.C. separate statehood status. Washington, D.C. is a CITY, not a state. If D.C. residents want to vote on U.S. Senators, fine. That can be done by following historical precedence and giving the residential portion of D.C. back to Maryland, keeping the federal government portion (Capitol, White House, monuments, the Mall, federal buildings, and the like) in D.C. This is exactly what Congressman Dusty Johnson‚Äôs H.R. 472 would do, and I am happy to cosponsor it.

CONGRESS.GOV
H.R.472 - 117th Congress (2021-2022): District of Columbia-Maryland Reunion Act","I will NEVER vote to give Washington, D.C. separate statehood status. Washington, D.C. is a CITY, not a state. If D.C. residents want to vote on U.S. Senators, fine. That can be done by following historical precedence and giving the residential portion of D.C. back to Maryland, keeping the federal government portion (Capitol, White House, monuments, the Mall, federal buildings, and the like) in D.C. This is exactly what Congressman Dusty Johnson‚Äôs H.R. 472 would do, and I am happy to cosponsor it.","CONGRESS.GOV
H.R.472 - 117th Congress (2021-2022): District of Columbia-Maryland Reunion Act",2021-05-11 11:58:03,,,,,697,51,73,https://facebook.com/RepMoBrooks/posts/3906974089351219,https://www.congress.gov/bill/117th-congress/house-bill/472,155220881193244,Congressman Mo Brooks,False,[]
6,6,Kevin Brady,M,rep,TX,8,,Republican,https://kevinbrady.house.gov,RepKevinBrady,kevinbrady,KBrady8,UC6Ng0uMQEBVgXO_HF0NbfXA,B000755,kevinbrady,10159205646221413,"‚Äú‚Ä¶many companies have reported difficulties in onboarding new employees, and the report showed that job vacancies exceeded hires by more than 2 million, the largest gap on record. Nearly half ‚Äì 44% ‚Äì of small businesses have said they could not fill open jobs in April‚Ä¶‚Äù

It‚Äôs almost like some people are being incentivized to stay home because they make more on unemployment than at work ü§î

FOXBUSINESS.COM
Job openings surge to record 8.1M, but businesses struggling to hire workers","‚Äú‚Ä¶many companies have reported difficulties in onboarding new employees, and the report showed that job vacancies exceeded hires by more than 2 million, the largest gap on record. Nearly half ‚Äì 44% ‚Äì of small businesses have said they could not fill open jobs in April‚Ä¶‚Äù

It‚Äôs almost like some people are being incentivized to stay home because they make more on unemployment than at work ü§î","FOXBUSINESS.COM
Job openings surge to record 8.1M, but businesses struggling to hire workers",2021-05-11 11:56:39,,,,,18,13,4,https://facebook.com/kevinbrady/posts/10159205646221413,https://www.foxbusiness.com/economy/job-openings-record-businesses-struggle-hire-workers,9307301412,Rep. Kevin Brady,False,[]
3,3,Gus M. Bilirakis,M,rep,FL,12,,Republican,https://bilirakis.house.gov,RepGusBilirakis,GusBilirakis,RepGusBilirakis,UC2z1uu1n4-60xXs5x1mvLJw,B001257,GusBilirakis,4540917582605027,"My team recently had the honor of attending the local ribbon cutting and art dedication at the Dunedin Fire Training and Emergency Operations Center. This new, state-of-the art facility will help our firefighters improve emergency response coordination. We appreciate all of our first responders for their tireless efforts to keep our community safe.","My team recently had the honor of attending the local ribbon cutting and art dedication at the Dunedin Fire Training and Emergency Operations Center. This new, state-of-the art facility will help our firefighters improve emergency response coordination. We appreciate all of our first responders for their tireless efforts to keep our community safe.",,2021-05-11 11:33:39,https://scontent-iad3-2.xx.fbcdn.net/v/t1.6435-9/fr/cp0/e15/q65/184794950_4540916852605100_4156629245530224336_n.jpg?_nc_cat=108&ccb=1-3&_nc_sid=8024bb&_nc_ohc=LdGTnCI_UVgAX8WKfwD&_nc_ht=scontent-iad3-2.xx&tp=14&oh=d50edf22587fb91f12ba83c902018703&oe=60BFB6F0,,,,64,6,0,https://facebook.com/GusBilirakis/posts/4540917582605027,,135445766485586,Congressman Gus Bilirakis,False,"['https://scontent-iad3-2.xx.fbcdn.net/v/t1.6435-9/fr/cp0/e15/q65/184794950_4540916852605100_4156629245530224336_n.jpg?_nc_cat=108&ccb=1-3&_nc_sid=8024bb&_nc_ohc=LdGTnCI_UVgAX8WKfwD&_nc_ht=scontent-iad3-2.xx&tp=14&oh=d50edf22587fb91f12ba83c902018703&oe=60BFB6F0', 'https://scontent-iad3-2.xx.fbcdn.net/v/t1.6435-9/fr/cp0/e15/q65/185243218_4540916839271768_4061193677501533826_n.jpg?_nc_cat=102&ccb=1-3&_nc_sid=8024bb&_nc_ohc=LpWAfWD-o5YAX9K-VLj&_nc_ht=scontent-iad3-2.xx&tp=14&oh=5f9a1998d099a237b32883915fc93355&oe=60C1EAA5', 'https://scontent-iad3-2.xx.fbcdn.net/v/t1.6435-9/fr/cp0/e15/q65/184164203_4540916862605099_4112115971141381426_n.jpg?_nc_cat=102&ccb=1-3&_nc_sid=8024bb&_nc_ohc=54NBaiYyhSUAX_H8JaD&_nc_ht=scontent-iad3-2.xx&tp=14&oh=4f1e8b22115aab32b6ff5c2936476a6d&oe=60C26792', 'https://scontent-iad3-2.xx.fbcdn.net/v/t1.6435-9/fr/cp0/e15/q65/184612943_4540916965938422_4929024006000061140_n.jpg?_nc_cat=109&ccb=1-3&_nc_sid=8024bb&_nc_ohc=EbFqkcAHdycAX_oZYfY&_nc_ht=scontent-iad3-2.xx&tp=14&oh=9bf8ef81755cf48dd4df4c63798498b5&oe=60C2C00F']"
26,282,Pramila Jayapal,F,rep,WA,7,,Democrat,https://jayapal.house.gov,RepJayapal,RepJayapal,,UCmyD0_-2Oowkfwc_Raghclw,J000298,RepJayapal,4363752483635307,"65% of seniors can‚Äôt afford a trip to the dentist.

Medicare is wildly successful ‚Äî but needs to be expanded and improved. U.S. Senator Bernie Sanders and I are pushing to immediately lower the eligibility age in the American Families Plan and do what the overwhelming majority of Americans want us to do: expand benefits to guarantee that Medicare finally covers dental, vision, and hearing.

WASHINGTONPOST.COM
Opinion | Bernie Sanders and Pramila Jayapal: We must fix the gaping holes in Medicare","65% of seniors can‚Äôt afford a trip to the dentist.

Medicare is wildly successful ‚Äî but needs to be expanded and improved. U.S. Senator Bernie Sanders and I are pushing to immediately lower the eligibility age in the American Families Plan and do what the overwhelming majority of Americans want us to do: expand benefits to guarantee that Medicare finally covers dental, vision, and hearing.","WASHINGTONPOST.COM
Opinion | Bernie Sanders and Pramila Jayapal: We must fix the gaping holes in Medicare",2021-05-11 11:15:03,,,,,479,22,51,https://facebook.com/RepJayapal/posts/4363752483635307,https://www.washingtonpost.com/opinions/2021/05/11/sanders-jayapal-fix-medicare/,1412651415412110,Congresswoman Pramila Jayapal,False,[]
12,8,Vern Buchanan,M,rep,FL,16,,Republican,https://buchanan.house.gov,VernBuchanan,CongressmanBuchanan,vernbuchanan,UCY4DEy41NxOTdcF8_XAVZvw,B001260,CongressmanBuchanan,10159268307434911,"Please join me in wishing a very warm congratulations to this year‚Äôs winners of the Congressional Art Competition! The top prize for our congressional district went to Silia Matelau of Bradenton Christian School for her original artwork entitled ‚ÄúMath Class.‚Äù I think I can safely say that we‚Äôve all been there before...

The ""Facebook Fan Favorite Award"" winner is Jade Ortwein of Sarasota High School for her painting ‚ÄúDocked at Cortez.‚Äù

Congratulations, Silia and Jade and to all of this year‚Äôs participants!

BUCHANAN.HOUSE.GOV
Buchanan Announces Congressional Art Competition Winners","Please join me in wishing a very warm congratulations to this year‚Äôs winners of the Congressional Art Competition! The top prize for our congressional district went to Silia Matelau of Bradenton Christian School for her original artwork entitled ‚ÄúMath Class.‚Äù I think I can safely say that we‚Äôve all been there before...

The ""Facebook Fan Favorite Award"" winner is Jade Ortwein of Sarasota High School for her painting ‚ÄúDocked at Cortez.‚Äù

Congratulations, Silia and Jade and to all of this year‚Äôs participants!","BUCHANAN.HOUSE.GOV
Buchanan Announces Congressional Art Competition Winners",2021-05-11 09:18:53,,,,,115,17,3,https://facebook.com/CongressmanBuchanan/posts/10159268307434911,https://buchanan.house.gov/media-center/press-releases/buchanan-announces-congressional-art-competition-winners-0,67106719910,Congressman Vern Buchanan,False,[]
11,7,Mo Brooks,M,rep,AL,5,,Republican,https://brooks.house.gov,RepMoBrooks,RepMoBrooks,RepMoBrooks,UCgsPSY0MpuQJq8vEqYUSt-g,B001274,RepMoBrooks,3904881016227193,"On this Nurse Appreciation Week we thank the men and women who have been on the front lines of fighting this pandemic. They faced uncertainty and met the challenge head on, allowing us to reach the light at the end of the tunnel. We thank them for their service to our communities.","On this Nurse Appreciation Week we thank the men and women who have been on the front lines of fighting this pandemic. They faced uncertainty and met the challenge head on, allowing us to reach the light at the end of the tunnel. We thank them for their service to our communities.",,2021-05-11 09:07:47,https://scontent-iad3-2.xx.fbcdn.net/v/t1.6435-9/fr/cp0/e15/q65/184668924_3904877949560833_5690285337032117625_n.jpg?_nc_cat=101&ccb=1-3&_nc_sid=8024bb&_nc_ohc=XDcjb7YAN-0AX-um9Is&_nc_ht=scontent-iad3-2.xx&tp=14&oh=12f50076a023fb4b521bc07496817620&oe=60C02FF0,,,,43,1,0,https://facebook.com/RepMoBrooks/posts/3904881016227193,,155220881193244,Congressman Mo Brooks,False,['https://scontent-iad3-2.xx.fbcdn.net/v/t1.6435-9/fr/cp0/e15/q65/184668924_3904877949560833_5690285337032117625_n.jpg?_nc_cat=101&ccb=1-3&_nc_sid=8024bb&_nc_ohc=XDcjb7YAN-0AX-um9Is&_nc_ht=scontent-iad3-2.xx&tp=14&oh=12f50076a023fb4b521bc07496817620&oe=60C02FF0']
4,3,Gus M. Bilirakis,M,rep,FL,12,,Republican,https://bilirakis.house.gov,RepGusBilirakis,GusBilirakis,RepGusBilirakis,UC2z1uu1n4-60xXs5x1mvLJw,B001257,GusBilirakis,4540914732605312,"May is #OlderAmericansMonth. I have always been a strong supporter of the Older Americans Act, and a member of my team serves as a Board Member for the Area Aging on Aging for Pinellas and Pasco Counties. In this photo, their Board is being recognized by the Pasco County Commission for their efforts to protect seniors. I will always continue to advocate for our seniors, protecting critical programs like Medicare and Medicare Advantage, working to reduce the cost of prescription drugs, and to increase telehealth options.","May is #OlderAmericansMonth. I have always been a strong supporter of the Older Americans Act, and a member of my team serves as a Board Member for the Area Aging on Aging for Pinellas and Pasco Counties. In this photo, their Board is being recognized by the Pasco County Commission for their efforts to protect seniors. I will always continue to advocate for our seniors, protecting critical programs like Medicare and Medicare Advantage, working to reduce the cost of prescription drugs, and to increase telehealth options.",,2021-05-11 08:32:33,https://scontent-iad3-2.xx.fbcdn.net/v/t1.6435-9/fr/cp0/e15/q65/184356450_4540914095938709_7712396333735692179_n.jpg?_nc_cat=107&ccb=1-3&_nc_sid=8024bb&_nc_ohc=_o13Wjy3p0UAX8oF44-&_nc_ht=scontent-iad3-2.xx&tp=14&oh=aa59859a596bfa6c34f8b07daea9a482&oe=60C0688F,,,,39,6,0,https://facebook.com/GusBilirakis/posts/4540914732605312,,135445766485586,Congressman Gus Bilirakis,False,['https://scontent-iad3-2.xx.fbcdn.net/v/t1.6435-9/fr/cp0/e15/q65/184356450_4540914095938709_7712396333735692179_n.jpg?_nc_cat=107&ccb=1-3&_nc_sid=8024bb&_nc_ohc=_o13Wjy3p0UAX8oF44-&_nc_ht=scontent-iad3-2.xx&tp=14&oh=aa59859a596bfa6c34f8b07daea9a482&oe=60C0688F']
