Unnamed: 0,published,siteName,title,description,image,url,firstEyes
,2025-02-21T15:05:46Z,Insider Monkey,Why Grail (GRAL) Is Falling Today,Grail,https://d2gr5kl7dt2z3t.cloudfront.net/blog/wp-content/uploads/2023/11/26235956/BDSX-insidermonkey-1701061194679.jpg,https://www.insidermonkey.com/blog/why-grail-gral-is-falling-today-1459862/,2025-02-21 11:00:24.874816
,2025-02-21T14:02:34Z,The Seattle Times,"After months with one physician, Naval Hospital Bremerton will transfer patients out of its system  ","Retirements and permanent change-of-duty orders left the clinic with one physician for 2,200 patients since late November, hospital spokesperson Doug Stutz said.",https://images.seattletimes.com/wp-content/uploads/2019/06/2019-06-12-sunrise-bremerton-_-clarridge-tzr.jpg?d=780x501,https://www.seattletimes.com/seattle-news/health/naval-hospital-bremerton-transfers-hundreds-of-patients-to-civilian-system/,2025-02-21 10:09:53.012780
,2025-02-21T13:51:11Z,Infosecurity Magazine,DoD Contractor Pays $11.2M over False Cyber Certifications Claims ,Health Net Federal Services has agreed to pay over $11m over alleged false cybersecurity reporting ,https://assets.infosecurity-magazine.com/webpage/og/4e22af24-e914-4685-8603-7c6c4fd3dcaa.jpg,https://www.infosecurity-magazine.com/news/dod-contractor-pays-false-cyber/,2025-02-21 10:09:53.012780
,2025-02-21T13:51:00Z,www.reddit.com,One month left to back up your Tricare Online documents : r/army - Reddit,Quick heads up. Everyone should log into your tricare account and download a complete medical record. Tricare OnLine (TOL) document access will ...,,https://www.reddit.com/r/army/comments/1iuqwdv/one_month_left_to_back_up_your_tricare_online/,2025-02-21 11:00:24.874816
,2025-02-21T12:51:02Z,myarmybenefits.us.army.mil,New Benefit! Health Care Flexible Spending Accounts Now Available for Service Members,"FALLS CHURCH, VA, February 19, 2025 - Did you know that you can now save money with a Health Care Flexible Spending Account? An HCFSA is a new benefit for service members. It’s a financial tool that allows you to set aside pre-tax earnings to pay for eligible medical, dental, and vision health expenses. ",,https://myarmybenefits.us.army.mil/News/New-Benefit-Health-Care-Flexible-Spending-Accounts-Now-Available-for-Service-Members,2025-02-21 11:00:24.874816
,2025-02-21T11:18:20Z,We Are The Mighty,Understanding EFMP: What it means for your family and how to navigate it,EFMP exists for a reason. It helps make sure military families with special medical or educational needs get the right support.,https://www.wearethemighty.com/wp-content/uploads/2025/02/EFMP.jpg,https://www.wearethemighty.com/mighty-milspouse/understanding-efmp-what-it-means-for-your-family-and-how-to-navigate-it/,2025-02-21 11:00:24.874816
,2025-02-21T10:44:14Z,today.westlaw.com,CYBER LAPSES COST HEALTH CARE CONTRACTOR $11.25M IN FALSE CLAIMS ACT ...,(HNFS) had a contract to administer the Defense Health Agency's (DHA) TRICARE health benefits program for service members and their families in 22 ...,,https://today.westlaw.com/Document/I718a2fd0efa811ef9611dfe87b7ec39f/View/FullText.html%3FtransitionType%3DCategoryPageItem%26contextData%3D(sc.Default),2025-02-21 11:00:24.874816
,2025-02-21T09:35:10Z,GovCon Wire,DHA Issues RFP for Medical & Dental Readiness Services - GovCon Wire,Find out the details about the potential $1.6 billion Remote Health Readiness Program-4 contract the DHA is seeking proposals for.,https://www.govconwire.com/wp-content/uploads/2025/02/health-services.jpg,https://www.govconwire.com/2025/02/dha-request-for-proposal-medical-dental-readiness-services/,2025-02-21 10:09:53.012780
,2025-02-21T09:21:14Z,www.msn.com,Florida military families fight for medical reimbursements through TRICARE | Watch - MSN,"Congressman Gus Bilirakis tells 10 Tampa Bay TRICARE is undergoing a ""major system transition"" which has delayed their ""usual"" claims processing ...",,https://www.msn.com/en-us/news/us/florida-military-families-fight-for-medical-reimbursements-through-tricare/vi-AA1ztq4z,2025-02-21 11:00:24.874816
,2025-02-21T06:38:08Z,FOX 5 San Diego & KUSI News,GlobalMed and ADS Collaborate to Enhance Access to Care and Operational Efficiency,"SCOTTSDALE, Ariz., Feb. 20, 2025 /PRNewswire/ -- GlobalMed, a global leader in digital health solutions, is proud to announce a new distribution agreement with ADS, a premier provider of operational equipment and logistics support to the U.S. Government. Together, GlobalMed and ADS aim to transform healthcare delivery, ensuring access to quality care anytime and anywhere.

    
                
                        
                    
                        
                

    
For over 23 years, GlobalMed has been a pioneer in virtual and digital health technology, facilitating over 60 million consults across more than 60 countries. Its secure and highly reliable virtual health platform has earned the U.S. Defense Health Agency's Authority to Operate on the Medical Community of Interest network. This platform is used by the Department of Defense (DoD), the Veterans Affairs Health Administration, rural hospitals, correctional facilities, and oil rigs, as well as in remote villages across Africa. Founded in 2002 by a U.S. Marine who still serves as the company's CEO, GlobalMed's innovative solutions have become a trusted resource in both military and commercial healthcare space.",https://mma.prnewswire.com/media/1487361/GlobalMed_Logo.jpg?p=publish,https://fox5sandiego.com/business/press-releases/cision/20250220LA21767/globalmed-and-ads-collaborate-to-enhance-access-to-care-and-operational-efficiency,2025-02-21 10:09:53.012780
,2025-02-21T05:46:39Z,brainly.com,It is mandatory for every Defense Health Agency (DHA) Office to have a File Plan. A) True B) False,Every Defense Health Agency (DHA) Office is indeed required to have a File Plan. This plan helps manage records efficiently and ensures compliance ...,,https://brainly.com/question/58210681%3Fsource%3Dprevious%2Bquestion,2025-02-21 10:09:53.012780
,2025-02-21T04:44:57Z,TipRanks Financial,GRAIL Inc. Reports Strong Growth and Strategic Advances - TipRanks.com,"Grail Inc ( ($GRAL) ) has released its Q4 earnings. Here is a breakdown of the information Grail Inc presented to its investors. GRAIL, Inc. is a healthcare company...",,https://www.tipranks.com/news/company-announcements/grail-inc-reports-strong-growth-and-strategic-advances,2025-02-21 07:07:06.041736
,2025-02-21T04:01:13Z,www.instagram.com,2025 has brought a very exciting announcement for us as a practice. We now accept Tricare ...,We now accept Tricare insurance and have opened the doors for military families to recieve nutritional counseling covered by their insurance! So ...,,https://www.instagram.com/sensiblysprouted/p/DGUM2crt3nL/,2025-02-21 11:00:24.874816
,2025-02-21T03:53:49Z,www.reddit.com,Out of State Birth : r/tricare - Reddit,So I am pregnant and was just given my due date. Now we have a long trip planned that will have us on the east coast. I've got tricare west so if ...,,https://www.reddit.com/r/tricare/comments/1iug7yu/out_of_state_birth/,2025-02-21 07:07:06.041736
,2025-02-21T03:02:36Z,www.prnewswire.com,GRAIL Reports Fourth Quarter and Full Year 2024 Financial Results,"/PRNewswire/ -- GRAIL, Inc. (Nasdaq: GRAL), a healthcare company whose mission is to detect cancer early when it can be cured, today reported business and...",https://mma.prnewswire.com/media/2460831/Grail_Logo.jpg?p=facebook,https://www.prnewswire.com/news-releases/grail-reports-fourth-quarter-and-full-year-2024-financial-results-302381747.html,2025-02-21 07:07:06.041736
,2025-02-21T02:59:50Z,Macau Business,Tricare Rehabs Expands Access to Proven In-Network Military Rehab Programs Nationwide | Macau Business,Plentisoft Press Releases | Tricare Rehabs is proud to announce its expanded offeri,https://hogo.sgp1.digitaloceanspaces.com/macaubusiness/wp-content/uploads/2025/02/1740000988211-0-MoOw05.png,https://www.macaubusiness.com/tricare-rehabs-expands-access-to-proven-in-network-military-rehab-programs-nationwide/,2025-02-21 07:07:06.041736
,2025-02-21T02:03:44Z,DVIDS,Military Hospitals and Clinics Earn Joint Commission’s Gold Seal of Approval,"The Joint Commission’s Gold Seal of Approval® Accreditation is a symbol of quality that reflects a health care organization’s commitment to providing safe and quality patient care.
To be considered to earn the Gold Seal of Approval, hospitals and clinics need to demonstrate compliance with high standards of performance through rigorous, unannounced, onsite observations, where a team of Joint Commission reviewers evaluate compliance in many areas of health care. The Joint Commission’s standards are developed in consultation with health care experts and providers, measurement experts, and patients. They are informed by scientific literature and expert consensus to help health care organizations measure, assess, and improve performance.
Throughout the years, military hospitals and clinics in the Military Health System have received the Gold Seal of Approval for excellence in providing health care.

2025 Recipients
Naval Hospital Beaufort
Munson Army Health Center
Mike O'Callaghan Military Medical Center

Additional 2020 – 2024 Recipients
Bayne-Jones Army Community Hospital
Brooke Army Medical Center
Ireland Army Health Clinic
Madigan Army Medical Center
Landstuhl Regional Medical Center
Walter Reed National Military Medical Center
William Beaumont Army Medical Center",https://d1ldvf68ux039x.cloudfront.net/thumbs/frames/video/2502/953052/DOD_110822803.0000001/1000w_q95.jpg,https://www.dvidshub.net/video/953052/military-hospitals-and-clinics-earn-joint-commissions-gold-seal-approval,2025-02-21 07:07:06.041736
,2025-02-21T01:12:05Z,thesubtimes.com,The Steven A. Cohen Military Family Clinic at Valley Cities Selected as Blue Star Families Outpost,"... Tricare referral), National Guard and Reserves, and their family members, including spouse or partner, children, parents, siblings, caregivers and ...",,https://thesubtimes.com/2025/02/20/the-steven-a-cohen-military-family-clinic-at-valley-cities-selected-as-blue-star-families-outpost/,2025-02-21 07:07:06.041736
,2025-02-21T00:46:05Z,www.justice.gov,Pfizer agrees to pay nearly $60 million to resolve false claims allegations relating to improper physician payments by subsidiary,"U.S. Attorney Trini E. Ross announced today that Pharmaceutical company Pfizer Inc. (Pfizer), on behalf of its wholly-owned subsidiary Biohaven Pharmaceutical Holding Company Ltd. (Biohaven), has agreed to pay $59,746,277 to resolve allegations that, prior to Pfizer’s acquisition of the company, Biohaven knowingly caused the submission of false claims to Medicare and other",https://www.justice.gov/themes/custom/usdoj_uswds/images/metatag-image--press-release.png,https://www.justice.gov/usao-wdny/pr/pfizer-agrees-pay-nearly-60-million-resolve-false-claims-allegations-relating-improper,2025-02-21 07:07:06.041736
,2025-02-21T00:02:48Z,This Is Reno,"Military briefs for the Week of Feb. 17, 2025","Reno's independent, online news and events source. Established in 2009.",https://cdn.thisisreno.com/conradcomm/wp-content/uploads/2022/11/toneil-veteransday-10-scaled.jpg,https://thisisreno.com/2025/02/veterans-events-northern-nevada/,2025-02-21 07:07:06.041736
,2025-02-20T23:59:49Z,www.instagram.com,Womack Army Medical Center and its outlying and specialty care clinics will be open ... - Instagram,"... TRICARE, Option 1. For up-to-date information about WAMC's operating status, visit the Womack Facebook page at https://www.facebook.com/WomackAMC ...",,https://www.instagram.com/womackamc/p/DGTxeDmzZib/,2025-02-21 07:07:06.041736
,2025-02-20T23:29:23Z,www.reddit.com,Help! What are my options here? Or how should I go about this? : r/tricare - Reddit,"Hello. I'm a new dependent. Before I got added on to Tricare Prime, I have established PCP, OB-GYN, Sleep Doctor, and Psych. They're all Tricare…",,https://www.reddit.com/r/tricare/comments/1iu8s0g/help_what_are_my_options_here_or_how_should_i_go/,2025-02-21 07:07:06.041736
,2025-02-20T23:09:04Z,wtsp.com,Florida military families fight for medical reimbursements through TRICARE,"Congressman Gus Bilirakis tells 10 Tampa Bay TRICARE is undergoing a ""major system transition"" which has delayed their ""usual"" claims processing time frame.",https://media.wtsp.com/assets/WTSP/images/e6dafc7c-7b70-41ae-993e-745aafe95219/20250220T212036/e6dafc7c-7b70-41ae-993e-745aafe95219_1140x641.jpg,https://www.wtsp.com/article/news/national/military-news/tricare-reimbursement-florida-military-families/67-7674e04f-7d52-4fb4-9e0d-52f3a09962db,2025-02-21 07:07:06.041736
,2025-02-20T23:04:41Z,wtsp.com,Florida military families fight for medical reimbursements through TRICARE,"Congressman Gus Bilirakis tells 10 Tampa Bay TRICARE is undergoing a ""major system transition"" which has delayed their ""usual"" claims processing time frame.",https://media.wtsp.com/assets/WTSP/images/f457b255-bdd0-48cd-9bf2-7ca868ae30c7/20250220T225756/f457b255-bdd0-48cd-9bf2-7ca868ae30c7_1140x641.jpg,https://www.wtsp.com/video/news/national/military-news/florida-military-families-fight-for-medical-reimbursements-through-tricare/67-2abd3e0f-f204-442c-aba4-5494a85d7ea9,2025-02-21 07:07:06.041736
,2025-02-20T23:03:37Z,www.youtube.com,Florida military families fight for medical reimbursements through TRICARE - YouTube,"Congressman Gus Bilirakis says TRICARE is undergoing a ""major system transition"" which has delayed their ""usual"" claims processing time frame.",,https://www.youtube.com/watch%3Fv%3Dt-qQMDh4T4M,2025-02-21 07:07:06.041736
,2025-02-20T22:38:06Z,We Are The Mighty,Does Tricare cover fertility treatment?,"Here’s how military families can make the most of Tricare’s fertility benefits, navigate waitlists, and find support for treatment options that go beyond what’s covered.",https://www.wearethemighty.com/wp-content/uploads/2025/02/IVF.jpg,https://www.wearethemighty.com/feature/does-tricare-cover-fertility-treatment/,2025-02-21 07:07:06.041736
,2025-02-20T21:50:20Z,www.facebook.com,Attention West Region beneficiaries   TriWest is adding new functionality in the ... - Facebook,"I actually just got off the phone with the privacy and civil liberties office of the Defense Health Agency. ... And yes, they do bill Tricare second ...",,https://www.facebook.com/TRICARE/posts/attention-west-region-beneficiaries-triwest-is-adding-new-functionality-in-the-b/1082323700589790/,2025-02-21 07:07:06.041736
,2025-02-20T21:39:22Z,Dallas Innovates,"Dallas' Spark Biomedical Partners with Air Force to Reduce Motion Sickness, Spatial Disorientation","Whether in a cockpit, a tank, or a heaving ship, America's warfighters face an unseen enemy: sudden bouts of nausea and disorientation that can make them lose their bearings in life-or-death situations. Armed with a $480K grant, Spark Biomedical will test its Sparrow Ascent neurostimulation device as a way to reduce the risk.",https://s24806.pcdn.co/wp-content/uploads/2023/08/SparkBiomedical_SparrowAscent-970.jpg,https://dallasinnovates.com/dallas-spark-biomedical-partners-with-air-force-to-reduce-motion-sickness-spatial-disorientation/,2025-02-21 07:07:06.041736
,2025-02-20T21:26:03Z,TradingView,GRAIL Reports Fourth Quarter and Full Year 2024 Financial Results,"GRAIL, Inc., a healthcare company focused on early cancer detection, has released its financial results for the fourth quarter and full year 2024. The company reported significant growth in revenue and provided updates on its business operations and strategic initiatives. Financial Highlights For t…",https://s.tradingview.com/static/images/illustrations/news-story.jpg,https://www.tradingview.com/news/tradingview:8c3910f495e9a:0-grail-reports-fourth-quarter-and-full-year-2024-financial-results/,2025-02-21 07:07:06.041736
,2025-02-20T18:44:34Z,DVIDS,"What military service members, family members need to know about airborne hazards","Airborne hazards are potentially toxic substances that a person is exposed to when breathing air. These hazards may be dusts, particles, fibers, mists, vapors, fumes or gases.",https://d1ldvf68ux039x.cloudfront.net/thumbs/photos/2502/8878826/1000w_q95.jpg,https://www.dvidshub.net/news/491145/military-service-members-family-members-need-know-about-airborne-hazards,2025-02-20 14:26:56.842344
,2025-02-20T18:13:18Z,healthexec.com,Baxter's Asheville IV plant operational after Helene | Data trove of 1.6M patient records found online,"... Tricare program. READ MORE > · UnitedHealth pushes back against shareholder transparency proposal. In an SEC filing, the insurer argues that requests ...",,https://healthexec.com/newsletter/2025-02-20/baxters-asheville-iv-plant-operational-after-helene-data-trove-16m-patient-records-found-online-doge,2025-02-20 14:26:56.842344
0.0,2025-02-20T17:25:16Z,idtechwire.com,Defense Health Agency Seeks Biometric Wellness Data Solutions,Defense Health Agency Seeks Biometric Wellness Data Solutions. February 20 ... Military Health System (source). Health-tracking wearables and ...,,https://idtechwire.com/defense-health-agency-seeks-biometric-wellness-data-solutions/,2025-02-20 13:03:27.018558
,2025-02-20T17:17:17Z,Portsmouth Daily Times,Local Briefs,Ohio Governor Mike DeWine and Ohio Department of Development Director Lydia Mihalik have announced approximately $50 million in grant funding is now available to help communities across the state clean up contaminated properties and prepare them for redevelopment.,https://bloximages.chicago2.vip.townnews.com/portsmouth-dailytimes.com/content/tncms/assets/v3/editorial/d/95/d95332f7-12a1-5852-ba53-929b077de19e/66e34d171f79f.image.jpg?crop=495%2C495%2C0%2C62&resize=200%2C200&order=crop%2Cresize,https://www.portsmouth-dailytimes.com/local-briefs/article_03d4de84-efac-11ef-8355-dfdc39bc65d3.html,2025-02-20 13:03:27.018558
,2025-02-20T16:34:50Z,www.reddit.com,Tricare Reserve Select After ROTC - Reddit,"Hello, To set the scenario, I was a member of the National Guard and used Tricare Reserve Select as my insurance as I was SMP in college. After…",,https://www.reddit.com/r/ROTC/comments/1itpyq5/tricare_reserve_select_after_rotc/,2025-02-20 14:26:56.842344
,2025-02-20T16:22:36Z,www.instagram.com,Walter Reed National Military Medical Center on Instagram,"1 likes, 0 comments - wrnmmc_dha on February 20, 2025: ""Attention @TRICARE users!! TRICARE Online patient portal will be decommissioned by April 1 ...",,https://www.instagram.com/wrnmmc_dha/p/DGTEvLtpgPh/,2025-02-20 14:26:56.842344
,2025-02-20T16:21:19Z,www.linkedin.com,Todd Stiefler on LinkedIn: The Defense Health Agency's sole-source giveaway has been ...,"The Defense Health Agency's sole-source giveaway has been wildly flawed from the start—lacking transparency, competition, and accountability.",,https://www.linkedin.com/posts/toddstiefler_the-defense-health-agencys-sole-source-giveaway-activity-7298332157750435840-F5t6,2025-02-20 14:26:56.842344
,2025-02-20T16:03:27Z,Federal News Network - Helping feds meet their mission.,Postal Service and letter carrier union at an impasse over new labor contract,Members of the National Association of Letter Carriers overwhelmingly voted down a tentative agreement for a new contract earlier this month.,https://federalnewsnetwork.com/wp-content/uploads/2022/04/Postal_Service_Electric_Vehicles_17315-scaled-e1683321397183.jpg,https://federalnewsnetwork.com/federal-newscast/2025/02/postal-service-and-letter-carrier-union-at-an-impasse-over-new-labor-contract/,2025-02-20 13:03:27.018558
,2025-02-20T15:46:13Z,www.mondaq.com,"""Everything Everywhere All At Once"": The Public Disclosure Bar In Parallel Civil And Criminal Proceedings","In an interesting recent decision, U.S. ex. rel. Schnupp v. Blair Pharmacy, a Maryland district court grappled with the application of the False Claims Act's (FCA) public disclosure...",http://www.mondaq.com/images/MondaqThumb.png,https://www.mondaq.com/unitedstates/crime/1587670/everything-everywhere-all-at-once-the-public-disclosure-bar-in-parallel-civil-and-criminal-proceedings,2025-02-20 13:03:27.018558
,2025-02-20T15:22:46Z,Hastings Tribune,Spark Biomedical Partners With Air Force To Launch Trial Testing Innovative Solution to Motion ...,"Dallas, TX, Feb. 20, 2025 (GLOBE NEWSWIRE) -- Spark Biomedical, a global leader in wearable neurostimulation technology, announces an innovative study to explore the effectiveness of transcutaneous auricular neurostimulation (tAN®)",https://bloximages.newyork1.vip.townnews.com/hastingstribune.com/content/tncms/custom/image/7b43d562-eeac-11e4-8a7b-970670abfcb2.jpg?resize=600%2C315,https://www.hastingstribune.com/ap/business/spark-biomedical-partners-with-air-force-to-launch-trial-testing-innovative-solution-to-motion/article_120c09be-69b7-5dad-a4e0-99eb37431899.html,2025-02-20 13:03:27.018558
,2025-02-20T15:01:33Z,The Bakersfield Californian,Spark Biomedical Partners With Air Force To Launch Trial Testing Innovative Solution to Motion ...,"Dallas, TX, Feb. 20, 2025 (GLOBE NEWSWIRE) -- Spark Biomedical, a global leader in wearable neurostimulation technology, announces an innovative study to explore the effectiveness of transcutaneous auricular neurostimulation (tAN®)",https://bloximages.newyork1.vip.townnews.com/bakersfield.com/content/tncms/custom/image/d09180fc-6bee-11e7-8b72-ff928e2e17d5.png?resize=600%2C315,https://www.bakersfield.com/ap/news/spark-biomedical-partners-with-air-force-to-launch-trial-testing-innovative-solution-to-motion/article_301bba16-c154-5297-8e59-a4aca20ef505.html,2025-02-20 13:03:27.018558
,2025-02-20T15:00:15Z,MyMilitaryBenefits,TRICARE Online Patient Portal Deactivation,"If you have military medical records, you have a short window of time to download them from the old TRICARE system before it is deactivated in favor of the DoD’s replacement, MHS GENESIS. If you have electronic medical records in the TRICARE system you must download them by 1 April 2025 to avoid losing access to those records when MHS GENESIS takes over.",https://mymilitarybenefits.com/wp-content/uploads/logo.png,https://mymilitarybenefits.com/benefits/tricare-online-patient-portal-deactivation/,2025-02-20 13:03:27.018558
,2025-02-20T14:52:27Z,GlobeNewswire News Room,Spark Biomedical Partners With Air Force To Launch Trial Testing Innovative Solution to Motion Sickness and Spatial Disorientation,This trial will test the feasibility of wearable neurostimulation to help reduce fatal disorientation-related errors in the military....,https://ml.globenewswire.com/Resource/Download/75a1b475-27fc-46fb-b3dc-34793a32a0a3,https://www.globenewswire.com/news-release/2025/02/20/3029791/0/en/Spark-Biomedical-Partners-With-Air-Force-To-Launch-Trial-Testing-Innovative-Solution-to-Motion-Sickness-and-Spatial-Disorientation.html,2025-02-20 13:03:27.018558
,2025-02-20T14:09:42Z,Department of Defense Office of Inspector General,Management Advisory: Potential Patient Safety and Payment Integrity Concerns Regarding TRI,This management advisory provides the results of the DoD Office of Inspector General’s review. We previously provided copies of the draft advisory and requested written comments on the,,https://www.dodig.mil/reports.html/Article/4071469/management-advisory-potential-patient-safety-and-payment-integrity-concerns-reg/,2025-02-20 13:03:27.018558
,2025-02-20T13:23:10Z,www.securityweek.com,US Military Health Provider HNFS Pays $11M in Settlement Over Cybersecurity Failures,"Allegedly, HNFS, which was contracted by the Department of Defense (DoD) in 2010 to administer the TRICARE health insurance program for US ...",,https://www.securityweek.com/us-military-health-provider-hnfs-pays-11m-in-settlement-over-cybersecurity-failures/,2025-02-20 13:03:27.018558
,2025-02-20T13:13:20Z,twitter.com,"Stars and Stripes on X: ""Tricare beneficiaries instructed to download medical records from ...",Tricare beneficiaries instructed to download medical records from old system before April 1 https://t.co/ju9ItbyLbn.,,https://twitter.com/starsandstripes/status/1892559831527203088,2025-02-20 13:03:27.018558
,2025-02-20T13:04:52Z,www.businesswire.com,Houston Medicine Magazine Headlines Powered By Business Wire,View Press Release · Sound Pharma to Present SPI-1005 Preclinical and Clinical Hearing Loss and Tinnitus Data at the Defense Health Agency Hearing ...,,https://www.businesswire.com/portal/site/houstonmedicine/template.PAGE/menuitem.82b6c842246726525de2b333a0908a0c/%3Fjavax.portlet.tpst%3D79b52b6cca92a28cdb2090f0c5a9eabf%26javax.portlet.prp_79b52b6cca92a28cdb2090f0c5a9eabf_viewID%3DMY_PORTAL_VIEW%26javax.portlet.prp_79b52b6cca92a28cdb2090f0c5a9eabf_ndmHsc%3Dv2*A1739451600000*B1740056574129*DgroupByDate*G8*N1000603%26javax.portlet.begCacheTok%3Dcom.vignette.cachetoken%26javax.portlet.endCacheTok%3Dcom.vignette.cachetoken,2025-02-20 13:03:27.018558
,2025-02-20T13:02:18Z,homelandprepnews.com,Justice Department fines companies $11M for cybersecurity violations,... Defense Health Agency (DHA). HNFS was contracted to administer the DHA's TRICARE health benefits program for military servicemembers and their ...,,https://homelandprepnews.com/stories/82680-justice-department-fines-companies-11m-for-cybersecurity-violations/,2025-02-20 13:03:27.018558
,2025-02-20T11:23:51Z,www.msn.com,Camp Lejeune extends non-essential service closures all day Thursday - MSN,"CAMP LEJEUNE N.C. — With Thursday's weather forecast calling for continued sleet and icy road conditions, most non-essential services on the base ...",,https://www.msn.com/en-us/news/us/camp-lejeune-extends-non-essential-service-closures-all-day-thursday/ar-AA1zoYsO,2025-02-20 13:03:27.018558
,2025-02-20T09:16:35Z,sswr-jobs.careerwebsite.com,"Social Worker (Clinical)-2024-7851 Job Opening in Fort Stewart, Georgia",... tricare.mil/. City of Hinesville: http://www.cityofhinesville ... Defense Health Agency Logo. Defense Health Agency. Healthcare / Health Services.,,https://sswr-jobs.careerwebsite.com/job/social-worker-clinical-2024-7851/76965424/,2025-02-20 13:03:27.018558
,2025-02-20T09:01:09Z,careers.swhelper.org,"Social Worker (Clinical)-2024-7851 Job Opening in Fort Stewart, Georgia",... tricare.mil/. City of Hinesville: http://www.cityofhinesville ... Defense Health Agency Logo. Defense Health Agency. Healthcare / Health Services.,,https://careers.swhelper.org/job/social-worker-clinical-2024-7851/76965424/%3Futm_source%3D,2025-02-20 13:03:27.018558
,2025-02-20T09:01:08Z,careers.swhelper.org,"Licensed Clinical Social Worker-2025-8546 Job Opening in Oak Harbor, Washington",The U.S. Defense Health Agency (DHA) is comprised of civilian health care professionals employed by the U.S. Government. DHA employees serve our ...,,https://careers.swhelper.org/job/licensed-clinical-social-worker-2025-8546/76965763/%3Futm_source%3D,2025-02-20 13:03:27.018558
,2025-02-20T08:14:03Z,oswcareers.aosw.org,"Social Worker (Substance Abuse)-2025-8559 Job Opening in San Antonio, Texas",Must obtain within 30 days of employment and maintain certification in Basic Life Support (BLS). Job ID: 76966665. Defense Health Agency Logo. Defense ...,,https://oswcareers.aosw.org/job/social-worker-substance-abuse-2025-8559/76966665/,2025-02-20 13:03:27.018558
18.0,2025-02-20T06:48:01Z,www.reddit.com,TRICARE Referral Usage After Active Duty ETS : r/VeteransBenefits - Reddit,"Hello, I am coming up on my ETS date in about a month and I had a tear in my labrum in my shoulder. I received a referral for physical therapy ...",,https://www.reddit.com/r/VeteransBenefits/comments/1itryin/tricare_referral_usage_after_active_duty_ets/,2025-02-20 13:03:27.018558
19.0,2025-02-20T06:42:01Z,careerengineer.aiche.org,"Social Worker (Clinical)-2023-7328 Job Opening in Fort Leonard Wood, Missouri",The U.S. Defense Health Agency (DHA) is comprised of civilian health care professionals employed by the U.S. Government. DHA employees serve our ...,,https://careerengineer.aiche.org/job/social-worker-clinical-2023-7328/76965010/,2025-02-20 13:03:27.018558
